{"stats":{"minecraft:killed":{"minecraft:chicken":1},"minecraft:custom":{"minecraft:time_since_rest":16204,"minecraft:open_chest":1,"minecraft:crouch_one_cm":1046,"minecraft:sprint_one_cm":7491,"minecraft:play_time":16204,"minecraft:walk_one_cm":18240,"minecraft:sneak_time":790,"minecraft:mob_kills":1,"minecraft:jump":54,"minecraft:damage_dealt":173,"minecraft:leave_game":14,"minecraft:time_since_death":16204,"minecraft:climb_one_cm":349,"minecraft:total_world_time":16204,"minecraft:fly_one_cm":96626},"minecraft:picked_up":{"minecraft:feather":2,"minecraft:chicken":1,"minecraft:oak_log":1,"minecraft:dirt":11,"minecraft:egg":1},"minecraft:mined":{"minecraft:grass":1,"minecraft:grass_block":4,"minecraft:oak_log":1,"minecraft:dirt":7},"minecraft:used":{"minecraft:oak_log":1,"minecraft:dirt":11,"minecraft:grass_block":3,"minecraft:birch_log":1,"alexsmobs:animal_dictionary":1,"minecraft:egg":42}},"DataVersion":3465}