{"stats":{"minecraft:picked_up":{"minecraft:wheat_seeds":2,"minecraft:torch":1,"minecraft:sand":6,"minecraft:poppy":1,"minecraft:dirt":10},"minecraft:killed_by":{"grimoireofgaia:minotaurus":1},"minecraft:dropped":{"minecraft:wheat_seeds":2},"minecraft:mined":{"minecraft:grass":5,"minecraft:grass_block":10,"minecraft:sand":6,"minecraft:tall_grass":1,"minecraft:wall_torch":1},"minecraft:used":{"minecraft:torch":1,"minecraft:dirt":10,"minecraft:sand":6,"minecraft:poppy":1},"minecraft:custom":{"minecraft:time_since_rest":2698,"minecraft:deaths":1,"minecraft:crouch_one_cm":561,"minecraft:play_time":31533,"minecraft:sprint_one_cm":10609,"minecraft:damage_taken":320,"minecraft:walk_one_cm":15306,"minecraft:sneak_time":116,"minecraft:walk_under_water_one_cm":146,"minecraft:drop":2,"minecraft:jump":74,"minecraft:leave_game":1,"minecraft:walk_on_water_one_cm":145,"minecraft:time_since_death":2674,"minecraft:climb_one_cm":626,"minecraft:total_world_time":31533,"minecraft:fall_one_cm":1583,"minecraft:fly_one_cm":16238}},"DataVersion":3465}